case_id,drive_offset_mm,phase_step_deg,length_ratio_label,L1_ratio,L2_ratio,L3_ratio,plan_mean_error_mm,plan_max_error_mm,replay_mean_error_mm,replay_max_error_mm,max_force_N,max_drive_disp_mm,max_jl_condition,mean_jl_condition,max_iterations,mean_iterations,constraint_utilization,constraint_failures,ik_failures,replay_exit_failures,feasible,objective_score,failure_message
15,3,60,0.8:1:1.2,0.8,1,1.2,0.0306371297545563,0.148271310882141,0.0544884269316778,0.150431517825469,154.331272924219,2.58416159677688,3.78166523582299,3.78166523582299,3,2.42592592592593,4.07758420634188,2,51,0,0,165.357737919979,
6,3,30,0.8:1:1.2,0.8,1,1.2,0.0306371297545563,0.148271310882141,0.0544883837698477,0.150431520744066,154.332223115436,2.58416159678329,3.78166523582299,3.78166523582299,3,2.42592592592593,4.07758420633379,2,51,0,0,165.357743210495,
30,3.5,60,0.8:1:1.2,0.8,1,1.2,0.0306371297545563,0.148271310882141,0.0470105484837158,0.149588619803237,132.81450172703,3.01653770041863,3.78166523582299,3.78166523582299,3,2.44444444444444,4.76015618583906,2,51,0,0,165.365851771837,
21,3.5,30,0.8:1:1.2,0.8,1,1.2,0.0306371297545563,0.148271310882141,0.0470104960040434,0.149588622668669,132.815818541313,3.01653770042518,3.78166523582299,3.78166523582299,3,2.44444444444444,4.76015618583081,2,51,0,0,165.365859098936,
3,3,20,0.8:1:1.2,0.8,1,1.2,0.0306371297545563,0.148271310882141,0.0544883091424549,0.150431520158306,158.220709061921,2.58416159680394,3.78166523582299,3.78166523582299,3,2.42592592592593,4.07758420636702,2,51,0,0,165.379345907861,
12,3,50,0.8:1:1.2,0.8,1,1.2,0.0306371297545563,0.148271310882141,0.0544884609442149,0.150431517876497,158.222789440041,2.58416159676783,3.78166523582299,3.78166523582299,3,2.42592592592593,4.07758420631929,2,51,0,0,165.379357456379,
18,3.5,20,0.8:1:1.2,0.8,1,1.2,0.0306371297545563,0.148271310882141,0.0470104088855597,0.149588622112152,136.145748738603,3.01653770044621,3.78166523582299,3.78166523582299,3,2.44444444444444,4.76015618586442,2,51,0,0,165.384358708923,
27,3.5,50,0.8:1:1.2,0.8,1,1.2,0.0306371297545563,0.148271310882141,0.0470105885505085,0.149588619835174,136.148634896582,3.01653770040935,3.78166523582299,3.78166523582299,3,2.44444444444444,4.760156185816,2,51,0,0,165.384374734015,
24,3.5,40,0.8:1:1.2,0.8,1,1.2,0.0306371297545563,0.148271310882141,0.0470105768683917,0.149588621298316,143.113545093373,3.01653770041174,3.78166523582299,3.78166523582299,3,2.44444444444444,4.760156185813,2,51,0,0,165.423068685406,
9,3,40,0.8:1:1.2,0.8,1,1.2,0.0306371297545563,0.148271310882141,0.0544884518362796,0.150431519368507,166.307443914548,2.58416159677012,3.78166523582299,3.78166523582299,3,2.42592592592593,4.1452712384755,2,51,0,0,165.424272209428,
28,3.5,60,1:1:1,1,1,1,0.0334367165306216,0.155722889406074,0.0496435155694411,0.156733855182665,154.187931827809,2.74829806092114,4.04891733952231,4.04891733952231,3,2.46296296296296,4.11436146341588,2,51,0,0,165.437820418323,
19,3.5,30,1:1:1,1,1,1,0.0334367165306216,0.155722889406074,0.0496435826719641,0.156733857399671,154.19835254743,2.74829806079355,4.04891733952231,4.04891733952231,3,2.46296296296296,4.11436146307333,2,51,0,0,165.437878320039,
43,4,60,1:1:1,1,1,1,0.0334367165306216,0.155722889406074,0.0451336858142925,0.156398732230917,135.332565726176,3.14197222367865,4.04891733952231,4.04891733952231,3,2.53703703703704,4.70385297743255,2,51,0,0,165.451023093454,
34,4,30,1:1:1,1,1,1,0.0334367165306216,0.155722889406074,0.0451337635110512,0.156398734461094,135.346352254512,3.14197222354849,4.04891733952231,4.04891733952231,3,2.53703703703704,4.70385297708491,2,51,0,0,165.451099694159,
25,3.5,50,1:1:1,1,1,1,0.0334367165306216,0.155722889406074,0.0496435859909642,0.156733855111272,156.954099093221,2.74829806073344,4.0489173395223,4.0489173395223,3,2.46296296296296,4.11436146306439,2,51,0,0,165.453188013899,
16,3.5,20,1:1:1,1,1,1,0.0334367165306216,0.155722889406074,0.0496435156806345,0.156733857213736,156.957046589717,2.74829806102544,4.04891733952231,4.04891733952231,3,2.46296296296296,4.11436146343161,2,51,0,0,165.453204397378,
13,3,60,1:1:1,1,1,1,0.0334367165306216,0.155722889406074,0.0569453084886885,0.157365436206845,179.1470788466,2.35445990912186,4.04891733952231,4.04891733952231,3,2.40740740740741,4.20670718895751,2,51,0,0,165.459663775817,
4,3,30,1:1:1,1,1,1,0.0334367165306216,0.155722889406074,0.0569453647723273,0.157365438449727,179.154598941106,2.3544599089976,4.04891733952231,4.04891733952231,3,2.40740740740741,4.20689028074693,2,51,0,0,165.459705563054,
40,4,50,1:1:1,1,1,1,0.0334367165306216,0.155722889406074,0.0451337674439733,0.156398732148887,137.754463335596,3.141972223488,4.04891733952231,4.04891733952231,3,2.53703703703704,4.70385297707643,2,51,0,0,165.464478079787,
31,4,20,1:1:1,1,1,1,0.0334367165306216,0.155722889406074,0.0451336875633367,0.156398734289044,137.758369005925,3.14197222378357,4.04891733952231,4.04891733952231,3,2.53703703703704,4.70385297744712,2,51,0,0,165.464499786605,
22,3.5,40,1:1:1,1,1,1,0.0334367165306216,0.155722889406074,0.0496436179361805,0.156733856202909,165.561242055953,2.74829806068674,4.04891733952231,4.04891733952231,3,2.46296296296296,4.11436146293902,2,51,0,0,165.501005479156,
37,4,40,1:1:1,1,1,1,0.0334367165306216,0.155722889406074,0.0451338040125652,0.15639873324478,145.314544876762,3.14197222344034,4.04891733952231,4.04891733952231,3,2.53703703703704,4.70385297694922,2,51,0,0,165.506478537162,
29,3.5,60,1.2:1:0.8,1.2,1,0.8,0.0385672083935816,0.167890249476718,0.0574641843713217,0.168692354542897,161.959743698703,2.56113245034251,4.94140210330415,4.94140210330415,3,2.5,3.78471974141204,2,52,0,0,168.489416553732,
20,3.5,30,1.2:1:0.8,1.2,1,0.8,0.0385672083935816,0.167890249476718,0.0574648826928053,0.168692356068021,161.987421015725,2.56113244917056,4.94140210330415,4.94140210330415,3,2.5,3.78536919476424,2,52,0,0,168.489570322349,
44,4,60,1.2:1:0.8,1.2,1,0.8,0.0385672083935816,0.167890249476718,0.0522435413052635,0.168417382875079,142.220808699273,2.92788149777611,4.94140210330416,4.94140210330416,3,2.53703703703704,4.25583927025715,2,52,0,0,168.489791992043,
35,4,30,1.2:1:0.8,1.2,1,0.8,0.0385672083935816,0.167890249476718,0.0522443463753599,0.168417384391216,142.257462433487,2.92788149658375,4.94140210330416,4.94140210330415,3,2.53703703703704,4.25583926795459,2,52,0,0,168.489995629603,
41,4,50,1.2:1:0.8,1.2,1,0.8,0.0385672083935816,0.167890249476718,0.052243897861295,0.168417382753212,145.621528640755,2.92788149687855,4.94140210330416,4.94140210330416,3,2.53703703703704,4.32496310336896,2,52,0,0,168.508684879848,
32,4,20,1.2:1:0.8,1.2,1,0.8,0.0385672083935816,0.167890249476718,0.0522443125777079,0.168417384350436,145.63765220732,2.92788149726574,4.94140210330416,4.94140210330415,3,2.53703703703704,4.3249597948503,2,52,0,0,168.508774461724,
26,3.5,50,1.2:1:0.8,1.2,1,0.8,0.0385672083935816,0.167890249476718,0.057464493147286,0.168692354430172,165.833370543905,2.56113244945885,4.94140210330415,4.94140210330415,3,2.5,4.10427708864847,2,52,0,0,168.510936702153,
17,3.5,20,1.2:1:0.8,1.2,1,0.8,0.0385672083935816,0.167890249476718,0.0574648528865322,0.168692356014666,165.845530948755,2.56113244984335,4.94140210330416,4.94140210330415,3,2.5,4.10457699878686,2,52,0,0,168.511004266412,
59,4.5,60,1.2:1:0.8,1.2,1,0.8,0.0385672083935816,0.167890249476718,0.0488202678852228,0.168259395580045,126.81309880741,3.2945399520707,4.94140210330415,4.94140210330415,3,2.57407407407407,4.78879669190937,2,52,0,0,168.514670277089,
50,4.5,30,1.2:1:0.8,1.2,1,0.8,0.0385672083935816,0.167890249476718,0.0488211771796634,0.168259397108411,126.860022278602,3.29453995086038,4.94140210330415,4.94140210330415,3,2.57407407407407,4.78879668957921,2,52,0,0,168.514930968786,
56,4.5,50,1.2:1:0.8,1.2,1,0.8,0.0385672083935816,0.167890249476718,0.048820671035735,0.168259395448114,129.847703219582,3.29453995116109,4.94140210330415,4.94140210330415,3,2.57407407407407,4.87259003417967,2,52,0,0,168.531529189686,
47,4.5,20,1.2:1:0.8,1.2,1,0.8,0.0385672083935816,0.167890249476718,0.0488211396658397,0.168259397078573,129.868371315484,3.29453995155016,4.94140210330416,4.94140210330415,3,2.57407407407407,4.87258580076729,2,52,0,0,168.531644019081,
38,4,40,1.2:1:0.8,1.2,1,0.8,0.0385672083935816,0.167890249476718,0.0522441985959352,0.168417383490244,153.177916500435,2.92788149644206,4.94140210330415,4.94140210330415,3,2.53703703703704,4.39677737825057,2,52,0,0,168.550664815217,
23,3.5,40,1.2:1:0.8,1.2,1,0.8,0.0385672083935816,0.167890249476718,0.0574647542600207,0.168692355173307,174.430330855707,2.56113244902983,4.94140210330416,4.94140210330415,3,2.5,4.19800391306587,2,52,0,0,168.558697595617,
53,4.5,40,1.2:1:0.8,1.2,1,0.8,0.0385672083935816,0.167890249476718,0.0488210104228415,0.168259396189552,136.592232124366,3.29453995071799,4.94140210330416,4.94140210330415,3,2.57407407407407,4.95353920651495,2,52,0,0,168.568998797544,
45,4,60,0.8:1:1.2,0.8,1,1.2,0.0306371297545563,0.148271310882141,0.0423993529382817,0.149144245429898,116.547646469609,3.44872132978093,3.78166523582299,3.78166523582299,3,2.53703703703704,5.44238758991474,3,51,0,0,170.404667592417,
36,4,30,0.8:1:1.2,0.8,1,1.2,0.0306371297545563,0.148271310882141,0.042399291025018,0.149144248292316,116.549387368992,3.44872132978755,3.78166523582299,3.78166523582299,3,2.53703703703704,5.44238758990626,3,51,0,0,170.404677275532,
33,4,20,0.8:1:1.2,0.8,1,1.2,0.0306371297545563,0.148271310882141,0.0423991921330717,0.149144247754504,119.461746748442,3.44872132980886,3.78166523582299,3.78166523582299,3,2.53703703703704,5.44238758994041,3,51,0,0,170.420857047718,
42,4,50,0.8:1:1.2,0.8,1,1.2,0.0306371297545563,0.148271310882141,0.0423993987861214,0.149144245444865,119.465565714919,3.44872132977152,3.78166523582299,3.78166523582299,3,2.53703703703704,5.44238758989153,3,51,0,0,170.420878254948,
39,4,40,0.8:1:1.2,0.8,1,1.2,0.0306371297545563,0.148271310882141,0.0423993843590179,0.149144246904654,125.581659605967,3.4487213297739,3.78166523582299,3.78166523582299,3,2.53703703703704,5.44238758988829,3,51,0,0,170.454856560183,
60,4.5,60,0.8:1:1.2,0.8,1,1.2,0.0306371297545563,0.148271310882141,0.0393939962452273,0.148887058411727,103.831868445828,3.88077622799587,3.78166523582299,3.78166523582299,3,2.55555555555556,6.12439128621803,3,51,0,0,170.463921359833,
51,4.5,30,0.8:1:1.2,0.8,1,1.2,0.0306371297545563,0.148271310882141,0.0393939250180059,0.148887061308209,103.834091088523,3.88077622800256,3.78166523582299,3.78166523582299,3,2.55555555555556,6.12439128620947,3,51,0,0,170.463933719436,
10,3,50,1:1:1,1,1,1,0.0334367165306216,0.155722889406074,0.0569453674157407,0.157365436145897,182.375022651102,2.35445990893811,4.04891733952231,4.04891733952231,3,2.40740740740741,4.59895944899397,3,51,0,0,170.477596796654,
1,3,20,1:1:1,1,1,1,0.0334367165306216,0.155722889406074,0.0569453072768184,0.157365438245607,182.377147520257,2.3544599092252,4.04891733952231,4.04891733952231,3,2.40740740740741,4.59902772952103,3,51,0,0,170.477608609968,
48,4.5,20,0.8:1:1.2,0.8,1,1.2,0.0306371297545563,0.148271310882141,0.039393815053567,0.148887060781121,106.422376389942,3.88077622802413,3.78166523582299,3.78166523582299,3,2.55555555555556,6.12439128624394,3,51,0,0,170.47831308012,
57,4.5,50,0.8:1:1.2,0.8,1,1.2,0.0306371297545563,0.148271310882141,0.039394047583812,0.148887058411549,106.427255979008,3.88077622798634,3.78166523582299,3.78166523582299,3,2.55555555555556,6.12439128619475,3,51,0,0,170.478340179458,
58,4.5,60,1:1:1,1,1,1,0.0334367165306216,0.155722889406074,0.0421849497306456,0.156203420104469,120.602973507244,3.53553685669228,4.04891733952231,4.04891733952231,3,2.53703703703704,5.29316579249675,3,51,0,0,170.487672787069,
49,4.5,30,1:1:1,1,1,1,0.0334367165306216,0.155722889406074,0.0421850377860133,0.156203422375873,120.620597683779,3.5355368565598,4.04891733952231,4.04891733952231,3,2.53703703703704,5.29316579214456,3,51,0,0,170.487770708206,
55,4.5,50,1:1:1,1,1,1,0.0334367165306216,0.155722889406074,0.0421850422089661,0.156203420011735,122.758561103414,3.53553685649907,4.04891733952231,4.04891733952231,3,2.53703703703704,5.29316579213685,3,51,0,0,170.499648273285,
46,4.5,20,1:1:1,1,1,1,0.0334367165306216,0.155722889406074,0.0421849533737114,0.156203422214436,122.763564055467,3.53553685679754,4.04891733952231,4.04891733952231,3,2.53703703703704,5.29316579251016,3,51,0,0,170.499676076364,
54,4.5,40,0.8:1:1.2,0.8,1,1.2,0.0306371297545563,0.148271310882141,0.0393940303580426,0.148887059886908,111.878653931974,3.88077622798877,3.78166523582299,3.78166523582299,3,2.55555555555556,6.12439128619136,3,51,0,0,170.508625729544,
7,3,40,1:1:1,1,1,1,0.0334367165306216,0.155722889406074,0.0569453945639999,0.157365437252664,192.366240224673,2.3544599088926,4.0489173395223,4.0489173395223,3,2.40740740740741,4.68550097134507,3,51,0,0,170.533103565365,
52,4.5,40,1:1:1,1,1,1,0.0334367165306216,0.155722889406074,0.0421850832457131,0.156203421125813,129.50015870633,3.53553685645056,4.04891733952231,4.04891733952231,3,2.53703703703704,5.29316579200802,3,51,0,0,170.537101597743,
14,3,60,1.2:1:0.8,1.2,1,0.8,0.0385672083935816,0.167890249476718,0.0659028366059755,0.169218274902348,188.108591710007,2.19424747521386,4.94140210330415,4.94140210330415,3,2.48148148148148,4.39539504703638,3,52,0,0,173.525614347819,
5,3,30,1.2:1:0.8,1.2,1,0.8,0.0385672083935816,0.167890249476718,0.0659034261769723,0.169218276466668,188.1285558063,2.19424747406724,4.94140210330416,4.94140210330415,3,2.48148148148148,4.3958640995323,3,52,0,0,173.525725265375,
11,3,50,1.2:1:0.8,1.2,1,0.8,0.0385672083935816,0.167890249476718,0.0659030966853422,0.16921827479754,192.614728690726,2.19424747434772,4.94140210330416,4.94140210330415,3,2.48148148148148,4.76686132926119,3,52,0,0,173.550648441475,
2,3,20,1.2:1:0.8,1.2,1,0.8,0.0385672083935816,0.167890249476718,0.0659034006560771,0.169218276398605,192.623490320898,2.19424747472821,4.94140210330416,4.94140210330416,3,2.48148148148148,4.76707771600767,3,52,0,0,173.550697123718,
8,3,40,1.2:1:0.8,1.2,1,0.8,0.0385672083935816,0.167890249476718,0.065903317383411,0.169218275561692,202.589652387924,2.19424747392803,4.94140210330416,4.94140210330415,3,2.48148148148148,4.8753921631182,3,52,0,0,173.606064687167,
